station_id,station_name,route_id,avg_crowd,avg_ridership,avg_train_frequency
MTA_1,Astoria-Ditmars Blvd,"N,W",3.3530556636823667,38.03075126508369,13.821720513818606
MTA_10,49 St,"N,R,W",3.5348587772613516,83.58133714694316,13.779048981051126
MTA_100,Hewes St,"M,J",2.2577737719693554,10.169445696259576,13.89634970707526
MTA_101,Marcy Av,"M,J,Z",3.21513470681458,35.02931854199683,13.771790808240887
MTA_103,Bowery,"J,Z",2.6852861035422344,19.780199818346958,13.809264305177111
MTA_107,Broad St,"J,Z",2.4941463414634146,16.322926829268294,13.892682926829268
MTA_108,Middle Village-Metropolitan Av,M,2.3506944444444446,8.290674603174603,13.976190476190476
MTA_109,Fresh Pond Rd,M,2.673003802281369,13.74809885931559,13.901140684410647
MTA_110,Forest Av,M,2.4558359621451102,11.564668769716087,14.010515247108307
MTA_111,Seneca Av,M,2.2147984538928767,8.70458310325787,13.992269464384318
MTA_113,Knickerbocker Av,M,2.408195020746888,11.393672199170124,14.016597510373444
MTA_114,Central Av,M,2.323607427055703,11.13527851458886,13.943766578249337
MTA_118,3 Av,L,2.754874651810585,28.505769996020693,13.766812574612018
MTA_119,1 Av,L,3.5732728541521284,82.50279134682485,13.778087927424982
MTA_120,Bedford Av,L,3.6833681280445374,146.30167014613778,13.775922059846904
MTA_122,Graham Av,L,2.9426979705531235,31.42658177477119,13.820931157978512
MTA_123,Grand St,L,2.814984709480122,19.57645259938838,13.749235474006117
MTA_124,Montrose Av,L,2.9248918600078646,27.645300825796305,13.780574125049155
MTA_125,Morgan Av,L,2.9134654266073596,30.994338859684593,13.788920339668419
MTA_126,Jefferson St,L,3.1380497131931167,37.132313575525814,13.734608030592733
MTA_127,DeKalb Av,L,3.2705387848681697,40.239587313718,13.815819640810087
MTA_129,Halsey St,L,2.9352687328364064,23.600627697136133,13.81090623774029
MTA_13,28 St,"R,W",3.2209165687426555,43.68037602820211,13.779866823345085
MTA_130,Wilson Av,L,2.5683610867659947,14.828659070990359,13.889570552147239
MTA_131,Bushwick Av-Aberdeen St,L,2.310995752713544,9.72203869749882,13.91788579518641
MTA_133,Atlantic Av,L,1.8918387413962636,5.017699115044247,13.935103244837759
MTA_134,Sutter Av,L,2.131692573402418,6.0932642487046635,13.837651122625216
MTA_135,Livonia Av,L,2.358119658119658,8.121367521367521,13.863247863247864
MTA_136,New Lots Av,L,2.40491539081386,8.093875906526995,13.814665592264303
MTA_137,East 105 St,L,2.167035888347364,6.976960567124501,13.857332742578643
MTA_138,Canarsie-Rockaway Pkwy,L,2.4355648535564853,8.351882845188285,13.891213389121338
MTA_14,23 St,"R,W",3.350220264317181,60.67290748898679,13.788546255506608
MTA_141,Park Pl,S,1.8891848694725626,5.924880127863612,14.058604155567394
MTA_143,Inwood-207 St,A,3.0398104265402845,19.782938388625592,13.876777251184834
MTA_144,Dyckman St,A,2.775169535732916,17.521648408972354,13.857068335941575
MTA_145,190 St,A,2.4869762174405436,12.946206115515288,14.002265005662514
MTA_146,181 St,A,2.9136799596163554,22.845027763755677,13.958606764260475
MTA_147,175 St,A,3.0730174081237913,27.156189555125724,13.841392649903288
MTA_149,163 St-Amsterdam Av,C,2.587540716612378,11.828175895765472,13.824104234527688
MTA_150,155 St,C,2.2624113475177303,8.212765957446809,13.943262411347519
MTA_151,145 St,"A,C,B,D",3.7349439775910365,54.36274509803921,13.781512605042018
MTA_152,135 St,"C,B",2.436048965808358,11.348248205994091,13.90122414520895
MTA_153,125 St,"A,C,B,D",3.8607768992781026,63.96012375386731,13.76280508765899
MTA_154,116 St,"C,B",2.804091266719119,18.196302124311565,13.844217151848937
MTA_155,Cathedral Pkwy (110 St),110 St,2.8368151359873868,21.658651951123375,13.882538431217974
MTA_156,103 St,"C,B",2.597666378565255,14.561797752808989,13.99827139152982
MTA_157,96 St,"C,B",2.8830360846121943,22.615927001244298,14.034010783907092
MTA_158,86 St,"C,B",2.918228958915038,29.402871958516155,13.975269246110889
MTA_159,81 St-Museum of Natural History,"C,B",3.047044632086852,60.0864495375955,13.946119823080016
MTA_16,8 St-NYU,"R,W",3.3044743543106585,59.654419789014185,13.792651873408513
MTA_160,72 St,"C,B",2.9568627450980394,38.01481481481481,14.049673202614379
MTA_162,50 St,"C,E",3.475240470252939,62.50979693623085,13.75561097256858
MTA_164,34 St-Penn Station,"A,C,E",4.049552649690296,177.5271851342051,13.750860289057123
MTA_165,23 St,"C,E",3.317602996254682,44.505992509363296,13.78876404494382
MTA_167,W 4 St-Wash Sq,"A,C,E,B,D,F,M",3.9524815205913413,139.46427314325942,13.728968673002464
MTA_168,Spring St,"C,E",2.903168228469433,34.433734939759034,13.888442659526996
MTA_169,Canal St,"A,C,E",3.267523364485981,44.23442367601246,13.797507788161994
MTA_17,Prince St,"R,W",3.2016359918200408,67.34069529652352,13.812678936605318
MTA_173,High St,"A,C",2.943544655252198,39.10180472003702,14.017584451642758
MTA_175,Hoyt-Schermerhorn Sts,"A,C,G",3.2204130262112787,40.529388403494835,13.823669579030977
MTA_176,Lafayette Av,C,2.6608406158967957,20.055763628797337,13.814398668331252
MTA_177,Clinton-Washington Avs,C,2.6426040744021257,22.360496014171833,13.937998228520815
MTA_179,Nostrand Av,"A,C",3.5504055619930477,48.01892622634222,13.767477790652762
MTA_180,Kingston-Throop Avs,C,2.7479131886477464,19.691986644407347,13.826377295492488
MTA_181,Utica Av,"A,C",3.50462249614792,36.265408320493066,13.784283513097073
MTA_182,Ralph Av,C,2.6588785046728973,14.116397621070519,13.83177570093458
MTA_183,Rockaway Av,C,2.701282581712867,13.904840711625983,13.846917666528755
MTA_185,Liberty Av,C,2.0035762181493073,5.4009834599910596,13.927581582476531
MTA_186,Van Siclen Av,C,2.1610095735422106,6.630548302872063,13.862489120974761
MTA_187,Shepherd Av,C,2.1526016615653694,6.708788806296458,13.874945343244425
MTA_188,Euclid Av,"A,C",3.3643497757847536,26.4652466367713,13.77578475336323
MTA_189,Grant Av,A,2.7592835299257317,13.574486675404106,13.84185233726518
MTA_190,80 St,A,2.4830239927569036,10.905839746491624,13.923042100497963
MTA_191,88 St,A,2.1453546453546455,7.139360639360639,13.902097902097902
MTA_192,Rockaway Blvd,A,3.055533199195171,18.24466800804829,13.780281690140844
MTA_193,104 St,A,1.845854201446856,4.727323316638842,13.927657206455203
MTA_194,111 St,A,1.9931794333683106,5.699895068205667,13.943336831059812
MTA_195,Ozone Park-Lefferts Blvd,A,2.8704094554664414,13.762346981848882,13.799915576192486
MTA_196,Aqueduct Racetrack,A,1.9596685082872929,5.382872928176796,13.577900552486188
MTA_197,Aqueduct-N Conduit Av,A,1.392939370683039,2.496546431312356,13.866462010744437
MTA_198,Howard Beach-JFK Airport,A,2.444142921754862,10.541836273179557,13.711442786069652
MTA_199,Broad Channel,"A,S",1.1906906906906907,1.7492492492492493,14.054054054054054
MTA_2,Astoria Blvd,"N,W",3.0433917197452227,28.451433121019107,13.840764331210192
MTA_20,City Hall,"R,W",2.393313667649951,13.809734513274336,13.942969518190758
MTA_200,Beach 90 St,"A,S",1.4789594491201223,4.332823259372609,13.872991583779648
MTA_201,Beach 98 St,"A,S",1.3555327868852458,3.074795081967213,13.959016393442623
MTA_202,Beach 105 St,"A,S",1.413509060955519,4.28500823723229,13.805601317957166
MTA_203,Rockaway Park-Beach 116 St,"A,S",1.5179083094555874,3.3732091690544412,13.839541547277937
MTA_204,Beach 67 St,A,2.0392541707556426,7.01864573110893,13.801766437684003
MTA_205,Beach 60 St,A,1.8243761996161227,4.40067178502879,13.792706333973129
MTA_206,Beach 44 St,A,1.3764387271496277,2.4096140825998646,13.88490182802979
MTA_207,Beach 36 St,A,1.4323640960809103,2.588495575221239,13.84070796460177
MTA_208,Beach 25 St,A,1.6664890783164625,3.750665956313266,13.909429941395844
MTA_209,Far Rockaway-Mott Av,A,2.4276094276094278,8.872474747474747,13.777777777777779
MTA_210,Norwood-205 St,D,2.8483177054605626,14.227799227799228,13.817981246552675
MTA_211,Bedford Park Blvd,"B,D",2.7041884816753927,12.329842931937172,13.834554973821989
MTA_212,Kingsbridge Rd,"B,D",2.6233766233766236,11.75,13.878787878787879
MTA_213,Fordham Rd,"B,D",3.018274111675127,19.131472081218273,13.790862944162436
MTA_214,182-183 Sts,"B,D",2.5798467884502063,10.786093105480258,13.862109605185621
MTA_215,Tremont Av,"B,D",2.693590411672746,12.347576862949452,13.842626367899948
MTA_216,174-175 Sts,"B,D",2.4441123729826657,9.355050806933653,13.84578601315003
MTA_217,170 St,"B,D",2.6303370786516855,11.66123595505618,13.869662921348315
MTA_218,167 St,"B,D",2.9864645370871683,16.985923118570653,13.827828911748782
MTA_22,Rector St,"R,W",2.4863523573200994,15.528535980148883,13.921588089330024
MTA_220,155 St,"B,D",2.2741277752605344,7.0847304032623475,13.90666062528319
MTA_221,21 St-Queensbridge,F,3.1146997929606624,23.843892339544514,13.841821946169773
MTA_222,Roosevelt Island,F,3.1220856295040273,29.65154726579059,13.983891479440441
MTA_223,Lexington Av/63 St,"F,Q",3.304708097928437,44.72015065913371,13.810922787193974
MTA_224,57 St,F,3.2377438060094885,46.37743806009489,13.707959936742224
MTA_225,47-50 Sts-Rockefeller Ctr,"B,D,F,M",3.687363834422658,98.89542483660131,13.72549019607843
MTA_228,23 St,"F,M",3.351051625239006,50.405736137667304,13.786615678776291
MTA_231,Grand St,"B,D",3.7583139984532097,77.25908739365816,13.79737045630317
MTA_232,2 Av,F,3.5920908092273893,67.64628341266935,13.737092640058586
MTA_234,East Broadway,F,3.5923423423423424,51.0472972972973,13.822822822822824
MTA_235,York St,F,3.1663235899547137,53.194318649650064,13.850967476327707
MTA_236,Bergen St,"F,G",2.9656009712666935,34.03399433427762,13.887494941319304
MTA_237,Carroll St,"F,G",2.912340425531915,29.83404255319149,13.943829787234042
MTA_238,Smith-9 Sts,"F,G",2.4756685664182374,12.109162647961421,13.886891714160456
MTA_240,7 Av,"F,G",2.9934959349593497,32.9130081300813,13.964227642276423
MTA_241,15 St-Prospect Park,"F,G",2.689495798319328,19.853781512605043,13.973109243697479
MTA_242,Fort Hamilton Pkwy,"F,G",2.616519174041298,17.542772861356934,14.083438685208597
MTA_243,Church Av,"F,G",3.3117469879518073,26.73343373493976,13.83433734939759
MTA_244,Ditmas Av,F,2.3521790341578326,9.517667844522968,13.93168433451119
MTA_245,18 Av,F,2.31369150779896,8.871750433275563,13.94107452339688
MTA_246,Avenue I,F,1.810792804796802,4.380413057961359,14.147901399067289
MTA_247,Bay Pkwy,F,1.8316981132075472,4.684528301886792,14.173584905660377
MTA_248,Avenue N,F,2.239827373612824,7.8859432799013565,13.982737361282368
MTA_249,Avenue P,F,2.2209450830140485,7.796934865900383,13.977011494252874
MTA_250,Kings Hwy,F,2.455624646693047,10.102882984737139,13.985302430751837
MTA_251,Avenue U,F,2.093818181818182,6.837090909090909,13.937454545454546
MTA_252,Avenue X,F,2.1463917525773195,6.803436426116838,13.847422680412372
MTA_253,Neptune Av,F,1.8263718263718263,4.766584766584766,14.004914004914005
MTA_254,Jamaica-179 St,F,3.658974358974359,35.926373626373625,13.761172161172162
MTA_255,169 St,F,3.056773688332028,18.83320281910728,13.823022709475334
MTA_256,Parsons Blvd,F,3.027578390630903,18.543256516811486,13.783150736683037
MTA_257,Sutphin Blvd,F,2.554211843202669,10.682235195996665,13.881567973311093
MTA_258,Briarwood,"E,F",2.620107128141739,11.988051091882983,13.901936547177586
MTA_259,Kew Gardens-Union Tpke,"E,F",3.6918056562726616,45.20884699057288,13.763596809282088
MTA_26,DeKalb Av,"B,Q,R",3.5499627143922448,45.93176733780761,13.765846383296047
MTA_260,75 Av,"E,F",2.3519579751671444,9.272683858643743,13.982808022922637
MTA_261,Forest Hills-71 Av,"E,F,M,R",3.716364927227547,53.424210152644655,13.800496982605608
MTA_262,67 Av,"M,R",2.8735777496839443,16.262115465655288,13.867678044669194
MTA_263,63 Dr-Rego Park,"M,R",3.410246382479468,31.866249511145874,13.839655846695345
MTA_264,Woodhaven Blvd,"M,R",3.635432473444613,47.722306525037936,13.87556904400607
MTA_265,Grand Av-Newtown,"M,R",3.4649290916059794,41.01801456496742,13.815254886929859
MTA_266,Elmhurst Av,"M,R",3.3184335443037973,30.389240506329113,13.89240506329114
MTA_268,65 St,"M,R",2.396091515729266,9.373689227836035,14.013346043851287
MTA_269,Northern Blvd,"M,R",2.7588682432432434,14.314611486486486,13.878378378378379
MTA_270,46 St,"M,R",2.8695111847555923,19.171913835956918,13.855840927920465
MTA_271,Steinway St,"M,R",3.3166083236094903,33.55659276546091,13.804745235316997
MTA_272,36 St,"M,R",2.1682926829268294,8.069756097560976,13.849756097560975
MTA_273,Queens Plaza,"E,M,R",3.2575277337559427,38.58161648177496,13.822503961965134
MTA_276,5 Av/53 St,"E,M",3.0174389636273045,42.03637269556552,13.805680119581465
MTA_277,7 Av,"E,B,D",3.285601265822785,42.34018987341772,13.721518987341772
MTA_278,Jamaica Center-Parsons/Archer,"E,J,Z",3.907588279489106,49.740420736288506,13.761081893313298
MTA_279,Sutphin Blvd-Archer Av-JFK Airport,"E,J,Z",3.922761194029851,64.09141791044776,13.713432835820896
MTA_28,Union St,R,2.808277027027027,22.413006756756758,13.888513513513514
MTA_280,Jamaica-Van Wyck,E,2.634066448291998,12.853065044454842,13.890500701918578
MTA_282,21 St,G,2.1497418244406195,11.261044176706827,13.918531267928858
MTA_283,Greenpoint Av,G,3.070097604259095,37.39307897071872,13.85625554569654
MTA_284,Nassau Av,G,3.020040899795501,36.53047034764826,13.770143149284253
MTA_286,Broadway,G,2.692,15.70711111111111,13.877333333333333
MTA_287,Flushing Av,G,2.1501210653753025,7.62227602905569,13.937046004842616
MTA_288,Myrtle-Willoughby Avs,G,2.607394366197183,17.121478873239436,13.873239436619718
MTA_289,Bedford-Nostrand Avs,G,2.8968896463570517,29.06092884533447,13.809970174691095
MTA_290,Classon Av,G,2.548645046645935,19.118613949355844,13.862283429586851
MTA_291,Clinton-Washington Avs,G,2.4816705336426916,17.923897911832945,13.97122969837587
MTA_292,Fulton St,G,2.731780940060371,22.553686934023286,13.869771453212591
MTA_293,Van Cortlandt Park-242 St,1,2.8896396396396398,16.911261261261263,13.855855855855856
MTA_294,238 St,1,2.653893192009784,12.807990216061965,13.87851610273135
MTA_295,231 St,1,3.2111152555016784,22.096232748974263,13.826184259604625
MTA_296,Marble Hill-225 St,1,2.802963556267521,14.102923508209852,13.887064477372848
MTA_297,215 St,1,2.0787933363349844,7.443493921656911,14.038721296713192
MTA_298,207 St,1,3.1472693032015067,19.24708097928437,13.813935969868174
MTA_299,Dyckman St,1,3.2101152844923764,21.843064336184455,13.793975455559687
MTA_3,30 Av,"N,W",3.2595087163232965,37.51109350237718,13.778129952456418
MTA_30,Prospect Av,R,2.6229576874738165,15.317134478424801,13.893590280687055
MTA_300,191 St,1,3.154841093865484,21.849963045084998,13.80339985218034
MTA_301,181 St,1,3.45839469808542,33.042341678939614,13.811487481590575
MTA_303,157 St,1,3.3322499097146983,30.02672444925966,13.779703864210907
MTA_304,145 St,1,3.3533333333333335,30.757407407407406,13.81037037037037
MTA_305,137 St-City College,1,3.446644664466447,33.36707004033737,13.801246791345802
MTA_306,125 St,1,3.067903525046382,25.805936920222635,13.80482374768089
MTA_307,116 St-Columbia University,1,3.007791195948578,38.705882352941174,13.916634203350215
MTA_308,Cathedral Pkwy (110 St),110 St,3.307215743440233,39.82543731778426,13.854227405247814
MTA_309,103 St,1,3.4054844606946983,37.73747714808044,13.904204753199268
MTA_31,25 St,R,2.4549675023212627,10.961931290622099,13.946146703806871
MTA_310,96 St,"1,2,3",3.9125448028673837,90.54229390681003,13.82652329749104
MTA_311,86 St,1,3.4992354740061162,48.795489296636084,13.883792048929664
MTA_312,79 St,1,3.329945269741986,47.556684910086005,13.879593432369038
MTA_313,72 St,"1,2,3",3.8657307415406765,116.9992800575954,13.8113750899928
MTA_314,66 St-Lincoln Center,1,3.5066012825348927,59.70275367785741,13.840814786872878
MTA_316,50 St,1,3.5805243445692883,72.72247191011236,13.752808988764045
MTA_318,34 St-Penn Station,"1,2,3",4.056071551427588,158.15961472308223,13.777777777777779
MTA_319,28 St,1,3.1673275178429816,37.30372720063442,13.79857256145916
MTA_32,36 St,"D,N,R",3.5420811017597553,42.459449120122414,13.802601377199695
MTA_320,23 St,1,3.367083807356845,44.60106181266591,13.802047781569966
MTA_321,18 St,1,2.857260726072607,24.258663366336634,13.808580858085808
MTA_323,Christopher St-Sheridan Sq,1,3.234944532488114,49.57210776545166,13.765451664025356
MTA_324,Houston St,1,2.9829198861325743,32.18381455876373,13.812118747458316
MTA_325,Canal St,1,2.5566254011921137,16.790004585052728,13.801008711600183
MTA_326,Franklin St,1,2.5706756109247726,18.56444657402971,13.901293723047436
MTA_327,Chambers St,"1,2,3",3.091893911094509,31.912962271199103,13.81695928277923
MTA_328,WTC Cortlandt,1,2.980291683090264,48.953882538431216,13.847851793456838
MTA_329,Rector St,1,2.7776809067131647,26.097646033129905,13.952920662598082
MTA_33,45 St,R,3.112127236580517,23.61789264413519,13.876739562624255
MTA_333,Wall St,"2,3",3.0780753517930095,38.744439400817065,13.866545619609623
MTA_334,Clark St,"2,3",2.928844317096466,28.097421203438394,14.001910219675263
MTA_336,Hoyt St,"2,3",2.9874664279319605,25.066696508504926,13.894359892569382
MTA_337,Nevins St,"2,3,4,5",3.170188679245283,27.100377358490565,13.802264150943396
MTA_339,Bergen St,"2,3",2.4443500424808837,15.689889549702634,13.875955819881053
MTA_34,53 St,R,3.166796570537802,23.810210444271238,13.839438815276695
MTA_340,Grand Army Plaza,"2,3",2.8138319260152795,23.811821471652593,13.9654201849618
MTA_341,Eastern Pkwy-Brooklyn Museum,"2,3",2.686937901498929,23.22269807280514,14.01798715203426
MTA_343,Nostrand Av,3,2.46884028064383,11.157655798596782,13.87205943045811
MTA_344,Kingston Av,3,2.4750644883920896,11.214961306964746,13.946689595872742
MTA_345,Crown Hts-Utica Av,"3,4",3.8315312173003138,52.438088594349495,13.738402511335892
MTA_346,Sutter Av-Rutland Rd,3,2.852080123266564,13.842449922958398,13.805855161787365
MTA_347,Saratoga Av,3,2.5614754098360657,10.145901639344263,13.826229508196722
MTA_348,Rockaway Av,3,2.5829943043124493,9.423515052888527,13.861676159479252
MTA_349,Junius St,3,2.126315789473684,6.451754385964913,13.905263157894737
MTA_35,59 St,"N,R",3.410734252702199,32.7849422288483,13.780096906448007
MTA_350,Pennsylvania Av,3,2.594362745098039,9.963643790849673,13.862745098039216
MTA_351,Van Siclen Av,3,2.09849157054126,5.9188110026619345,13.905944986690328
MTA_352,New Lots Av,3,2.7947069943289224,11.589035916824196,13.76937618147448
MTA_353,President St-Medgar Evers College,"2,5",2.279275298276624,8.534246575342467,13.951391957578435
MTA_354,Sterling St,"2,5",2.756368118323747,15.548890714872638,13.873459326211997
MTA_355,Winthrop St,"2,5",2.78804780876494,17.4,13.870916334661354
MTA_356,Church Av,"2,5",3.217097862767154,23.72965879265092,13.793775778027747
MTA_357,Beverly Rd,"2,5",2.6735294117647057,12.549159663865547,13.912605042016807
MTA_358,Newkirk Av-Little Haiti,"2,5",2.9558139534883723,16.218604651162792,13.848062015503876
MTA_359,Flatbush Av-Brooklyn College,"2,5",3.622167138810198,35.60410764872521,13.75070821529745
MTA_36,Bay Ridge Av,R,3.0878823073945023,20.995354239256677,13.879984514130856
MTA_360,Pelham Bay Park,6,2.970423661071143,14.177058353317346,13.784172661870503
MTA_361,Buhre Av,6,2.282128514056225,7.742971887550201,13.927710843373495
MTA_362,Middletown Rd,6,1.7599318955732122,4.099318955732123,13.852440408626562
MTA_363,Westchester Sq-E Tremont Av,6,2.2799436355096288,7.622827618600282,13.83748238609676
MTA_364,Zerega Av,6,1.9700226244343892,5.457013574660634,14.018099547511312
MTA_365,Castle Hill Av,6,2.617769551133734,10.81952799629801,13.836186950485887
MTA_366,Parkchester,6,3.554628224582701,36.05955993930197,13.763277693474961
MTA_367,St Lawrence Av,6,2.527512505684402,10.690768531150523,13.909959072305593
MTA_368,Morrison Av-Soundview,6,2.8216238956668067,14.38788388725284,13.803954564577198
MTA_369,Elder Av,6,2.8374841705360914,15.55888560574082,13.810046433094133
MTA_37,77 St,R,2.733510402833112,14.767153607791059,13.937140327578575
MTA_370,Whitlock Av,6,1.9777448071216617,5.410979228486647,13.891196834817013
MTA_371,Hunts Point Av,6,3.2954456987154535,22.13351498637602,13.778123783573374
MTA_372,Longwood Av,6,2.3546325878594248,7.924235508900046,13.843906891830214
MTA_373,E 149 St,6,2.6874189364461736,11.99956766104626,13.829658452226546
MTA_374,E 143 St-St Mary's St,6,1.598559266535691,3.364112639161755,14.174197773411919
MTA_375,Cypress Av,6,2.1505531505531508,6.466089466089466,13.947089947089948
MTA_376,Brook Av,6,2.789760805707092,13.080570709190097,13.799412505245488
MTA_377,3 Av-138 St,6,3.069102462271644,17.778792692613184,13.744241461477364
MTA_378,Woodlawn,4,3.081330128205128,15.739182692307692,13.804487179487179
MTA_379,Mosholu Pkwy,4,3.205282112845138,20.48739495798319,13.808723489395758
MTA_38,86 St,R,3.3419062027231465,29.33736762481089,13.809379727685325
MTA_380,Bedford Park Blvd-Lehman College,4,2.8635255889520717,14.623883021933388,13.832656376929325
MTA_381,Kingsbridge Rd,4,3.2978303747534516,24.111242603550295,13.814595660749507
MTA_382,Fordham Rd,4,3.4363153904473087,31.60235026535254,13.807429871114481
MTA_383,183 St,4,2.968150265414455,16.255206206614943,13.84238464679461
MTA_384,Burnside Av,4,3.3717647058823528,24.738039215686275,13.769411764705882
MTA_385,176 St,4,2.8478802992518704,13.862427265170407,13.875311720698255
MTA_386,Mt Eden Av,4,2.7554417413572345,12.857447716602646,13.881348698250108
MTA_387,170 St,4,3.140456182472989,18.192877150860344,13.779911964785914
MTA_388,167 St,4,3.327301337529504,25.13729346970889,13.768686073957515
MTA_39,Bay Ridge-95 St,R,2.678070898598516,13.452184666117065,13.849958779884584
MTA_391,138 St-Grand Concourse,"4,5",2.381625441696113,9.33922261484099,13.812720848056538
MTA_392,125 St,"4,5,6",3.8301270417422866,49.99709618874773,13.777132486388386
MTA_393,116 St,6,3.481637337413925,32.06388676358072,13.756694720734506
MTA_394,110 St,6,3.273488018257893,24.597185241536707,13.771015595283378
MTA_395,103 St,6,3.3051166290443943,27.088412340105343,13.781790820165538
MTA_396,96 St,6,3.2424682395644284,33.20725952813067,13.82940108892922
MTA_397,86 St,"4,5,6",3.8252264340825226,122.11640389131163,13.843676618584368
MTA_398,77 St,6,3.521550162984426,64.1437884824339,13.848605577689243
MTA_399,68 St-Hunter College,6,3.2300648607401756,38.98855398702785,13.92293017932087
MTA_4,Broadway,"N,W",3.2859984089101033,37.84208432776452,13.794749403341289
MTA_403,33 St,6,3.5212424134237774,60.06069260978222,13.779364512674045
MTA_404,28 St,6,3.4978070175438596,48.28983918128655,13.789473684210526
MTA_405,23 St,6,3.388514711095356,49.72527472527472,13.778092874867069
MTA_407,Astor Pl,6,3.3366120218579236,50.24845173041894,13.751548269581056
MTA_409,Spring St,6,3.172678434382195,53.38871834228703,13.8296239447429
MTA_41,7 Av,"B,Q",2.8980125523012554,28.164748953974897,13.93723849372385
MTA_413,Wall St,"4,5",3.0291300877893055,35.359138068635275,13.857940941739825
MTA_414,Bowling Green,"4,5",3.3339687380861607,46.09187952725886,13.772016774685474
MTA_416,Wakefield-241 St,2,2.6853648249683677,11.379586672290174,13.795023196963307
MTA_417,Nereid Av,"2,5",2.1766620176662017,6.445374244537424,13.94142259414226
MTA_418,233 St,"2,5",2.55859375,9.800347222222221,13.850694444444445
MTA_419,225 St,"2,5",2.3364398881640263,7.472506989748369,13.931034482758621
MTA_42,Prospect Park,"B,Q,S",3.185772357723577,29.771544715447156,13.84390243902439
MTA_420,219 St,"2,5",2.1846081208687442,6.50519357884797,13.922568460812087
MTA_421,Gun Hill Rd,"2,5",2.946515397082658,14.2532414910859,13.779578606158832
MTA_422,Burke Av,"2,5",2.145403377110694,6.231238273921201,13.928705440900563
MTA_423,Allerton Av,"2,5",2.629343629343629,10.175461175461175,13.836121836121837
MTA_424,Pelham Pkwy,"2,5",3.1189995966115367,17.27349737797499,13.797498991528842
MTA_425,Bronx Park East,"2,5",2.0224032586558045,5.327902240325866,13.930753564154786
MTA_426,E 180 St,"2,5",3.2220873786407767,19.381877022653722,13.779935275080906
MTA_427,West Farms Sq-E Tremont Av,"2,5",2.7565071368597818,11.982787573467673,13.8303946263644
MTA_428,174 St,"2,5",2.8418410041841002,12.643514644351464,13.834309623430963
MTA_429,Freeman St,"2,5",2.5617173524150267,9.791144901610018,13.881932021466906
MTA_43,Parkside Av,Q,2.9493359567142154,20.87309394982784,13.892769306443679
MTA_430,Simpson St,"2,5",2.984100418410042,15.50376569037657,13.83765690376569
MTA_431,Intervale Av,"2,5",2.2709430349449495,6.8453805648635715,13.933939684059359
MTA_432,Prospect Av,"2,5",2.8640939597315436,13.47273489932886,13.845637583892618
MTA_433,Jackson Av,"2,5",2.574114560559685,10.117184083952777,13.874945343244425
MTA_434,3 Av-149 St,"2,5",3.6505836575875485,35.03968871595331,13.75875486381323
MTA_436,Harlem-148 St,3,2.5787795992714027,9.585154826958105,13.941712204007287
MTA_437,145 St,3,2.44411619891679,8.139832594780897,13.977351058591827
MTA_438,135 St,"2,3",3.3802103622906117,25.94000779119595,13.770159719516945
MTA_439,125 St,"2,3",3.489819004524887,33.681372549019606,13.794871794871796
MTA_44,Church Av,"B,Q",3.4803746654772523,33.356824264049955,13.855486173059768
MTA_440,116 St,"2,3",3.3091692789968654,26.70728840125392,13.824451410658307
MTA_441,Central Park North (110 St),110 St,3.081026875250702,21.930204572803852,13.85800240673887
MTA_442,Eastchester-Dyre Av,5,2.325037332005973,7.19761075161772,13.967147834743654
MTA_443,Baychester Av,5,2.121440085975282,5.970445996775927,14.011821601289629
MTA_444,Gun Hill Rd,5,2.4838709677419355,9.182328190743338,13.862552594670406
MTA_445,Pelham Pkwy,5,1.9942028985507247,5.539710144927536,14.207536231884058
MTA_446,Morris Park,5,2.0498753117206983,6.405236907730673,14.144638403990024
MTA_447,Flushing-Main St,7,4.168918918918919,159.00067567567567,13.783783783783784
MTA_448,Mets-Willets Point,7,2.8104819840898454,26.55919513336453,13.946654188114179
MTA_449,111 St,7,3.2530364372469633,32.75465587044535,13.784615384615385
MTA_45,Beverley Rd,Q,2.5167189132706373,11.271682340647859,13.951933124346917
MTA_450,103 St-Corona Plaza,7,3.76069670579326,70.97387353275275,13.778114350624763
MTA_451,Junction Blvd,7,3.7697057755176173,82.87068652379223,13.758082092262987
MTA_452,90 St-Elmhurst Av,7,3.7368024132730016,54.49170437405731,13.803921568627452
MTA_453,82 St-Jackson Hts,7,3.542301829268293,40.058307926829265,13.807926829268293
MTA_455,69 St,7,3.0427852348993287,19.221476510067113,13.899328859060402
MTA_456,61 St-Woodside,7,3.7061011904761907,50.626488095238095,13.773809523809524
MTA_457,52 St,7,2.9668067226890757,18.421008403361345,13.815126050420169
MTA_458,46 St-Bliss St,7,3.4680030840400926,35.08866615265998,13.779491133384735
MTA_459,40 St-Lowery St,7,3.1918301962354825,25.336804164997996,13.810172206647978
MTA_46,Cortelyou Rd,Q,2.8385063045586807,16.94422890397672,13.924345295829292
MTA_460,33 St-Rawson St,7,2.5230504093063333,11.044377423524343,13.85781990521327
MTA_461,Queensboro Plaza,"7,N,W",3.5715909090909093,54.625,13.715151515151515
MTA_463,Hunters Point Av,7,2.142507645259939,9.467278287461774,13.825076452599388
MTA_464,Vernon Blvd-Jackson Av,7,3.288135593220339,46.423270728355476,13.832340815391662
MTA_47,Newkirk Plaza,"B,Q",3.1777777777777776,23.429787234042553,13.838297872340426
MTA_471,34 St-Hudson Yards,7,3.5582366589327146,74.50812064965197,13.737354988399073
MTA_475,96 St,Q,3.508577964163172,44.20777735417461,13.814715974075487
MTA_476,86 St,Q,3.56578442654392,73.62677406981204,13.871883390870734
MTA_477,72 St,Q,3.580682253737064,65.43694902261403,13.864315829819855
MTA_48,Avenue H,Q,2.297013274336283,7.957411504424779,14.0
MTA_49,Avenue J,Q,2.8081218274111674,13.434517766497462,13.924873096446701
MTA_5,36 Av,"N,W",2.9319910514541387,20.366890380313198,13.85413870246085
MTA_50,Avenue M,Q,2.7570977917981074,13.354889589905362,13.968454258675079
MTA_51,Kings Hwy,"B,Q",3.5288501452885015,39.31714404317144,13.836446658364467
MTA_52,Avenue U,Q,3.086877828054299,19.229411764705883,13.864253393665159
MTA_53,Neck Rd,Q,2.626517727051967,11.830985915492958,13.919378338999515
MTA_54,Sheepshead Bay,"B,Q",3.2991275446614043,25.78604071458247,13.791441628583298
MTA_55,Brighton Beach,"B,Q",3.351167728237792,30.897664543524417,13.864968152866242
MTA_56,Ocean Pkwy,Q,2.574561403508772,10.785087719298245,13.925925925925926
MTA_57,W 8 St-NY Aquarium,"F,Q",2.3841726618705037,11.74916067146283,14.056594724220624
MTA_58,Coney Island-Stillwell Av,"D,F,N,Q",3.808628318584071,46.97308259587021,13.749262536873156
MTA_59,9 Av,D,2.9267754741949714,17.084252315835908,13.909131010145567
MTA_6,39 Av-Dutch Kills,"N,W",2.4462231115557778,11.921460730365183,13.90895447723862
MTA_60,Fort Hamilton Pkwy,D,2.5002315886984716,9.422880963408986,13.956461324687355
MTA_601,"14 St (F,M,1,2,3)/6 Av","F,M,1,2,3",3.9358669833729216,131.80149304377332,13.761791652527995
MTA_602,14 St-Union Sq,"L,N,Q,R,W,4,5,6",4.253751250416806,267.46182060686897,13.787262420806936
MTA_603,149 St-Grand Concourse,"2,4,5",3.4310011596443757,21.974874371859297,13.734827986084268
MTA_604,161 St-Yankee Stadium,"B,D,4",3.8965896589658966,83.57499083241657,13.745507884121745
MTA_605,168 St,"A,C,1",3.7560186848724397,56.956881063600434,13.793747754222062
MTA_606,Court Sq,"E,G,M,7",3.5827392120075046,61.04577861163227,13.765103189493434
MTA_607,34 St-Herald Sq,"B,D,F,M,N,Q,R,W",4.182643794147326,267.3299697275479,13.74100235452405
MTA_608,"4 Av (F,G)/9 St","F,G",3.2690081049787727,35.091084523350055,13.796989579313006
MTA_609,"Bryant Pk (B,D,F,M)/5 Av","B,D,F,M",3.799202609641174,103.52555273649872,13.751359188111635
MTA_61,50 St,D,2.2529296875,6.998046875,13.98828125
MTA_610,Grand Central-42 St,"S,4,5,6,7",4.122539035980991,268.99660556687036,13.775967413441956
MTA_611,"Times Sq-42 St (N,Q,R,W,S,1,2,3,7)/42 St","N,Q,R,W,S,1,2,3,7",4.360222077073808,484.89418680600915,13.768778576094055
MTA_612,"Lexington Av-53 St (E,M)/51 St","E,M",3.778757809628813,93.79639838294744,13.76111723631018
MTA_613,"Lexington Av (N,R,W)/59 St","N,R,W",3.9647812166488796,117.03450729277837,13.790110281038777
MTA_614,59 St-Columbus Circle,"A,B,C,D,1",4.168457538994801,181.30294627383014,13.79688041594454
MTA_615,New Utrecht Av (N)/62 St,N,2.944812362030905,15.885209713024283,13.914348785871965
MTA_616,74-Broadway (7)/Jackson Hts-Roosevelt Av,7,4.145771635406383,157.9980256663376,13.771635406383679
MTA_617,Atlantic Av-Barclays Ctr,"B,D,N,Q,R,2,3,4,5",3.954180602006689,116.5561872909699,13.781939799331104
MTA_618,"14 St (A,C,E)/8 Av","A,C,E",3.937894736842105,135.6182456140351,13.75157894736842
MTA_619,"Broadway-Lafayette St (B,D,F,M)/Bleecker St","B,D,F,M",3.7958883994126285,127.51945668135096,13.779735682819384
MTA_62,55 St,D,1.9016587677725119,4.472156398104265,14.085308056872037
MTA_620,Court St (R)/Borough Hall,R,3.5658855167114867,53.454475605071075,13.850172877449097
MTA_621,Broadway Junction,"A,C,J,L,Z",3.4107142857142856,22.07936507936508,13.736507936507936
MTA_622,"Brooklyn Bridge-City Hall (4,5,6)/Chambers St","4,5,6",3.4205246913580245,55.566743827160494,13.790123456790123
MTA_623,Canal St,"J,N,Q,R,W,Z,6",3.8698309960445885,144.51528227256384,13.760517799352751
MTA_624,"Chambers St (A,C)/WTC (E)/Park Pl (2,3)/Cortlandt","A,C",3.7803703703703704,110.8662962962963,13.762962962962963
MTA_625,Delancey St (F)/Essex St,F,3.981461286804798,99.44420210832425,13.759360232642676
MTA_626,"Franklin Av (2,3,4,5)/Botanic Garden","2,3,4,5",3.4807247494217424,42.61603700848111,13.77023901310717
MTA_627,Franklin Av,"C,S",2.802340702210663,17.97269180754226,13.834416991764195
MTA_628,Fulton St,"A,C,J,Z,2,3,4,5",3.9754010695187167,174.77504456327986,13.788235294117648
MTA_629,Lorimer St (L)/Metropolitan Av,L,3.5082159624413145,67.08841940532082,13.768388106416275
MTA_630,Myrtle-Wyckoff Avs,"L,M",3.771590909090909,64.80378787878787,13.757575757575758
MTA_635,South Ferry (1)/Whitehall St,1,3.621284403669725,68.7148623853211,13.74091743119266
MTA_636,Jay St-MetroTech,"A,C,F,R",3.757543103448276,68.58764367816092,13.764367816091953
MTA_64,71 St,D,2.858921161825726,14.992162286768096,13.976947902259106
MTA_65,79 St,D,2.986743261157755,16.321254971277067,13.96199734865223
MTA_66,18 Av,D,3.0880033208800333,16.70610211706102,13.932752179327522
MTA_67,20 Av,D,2.957545187053384,14.794031105506516,13.96385035729298
MTA_68,Bay Pkwy,D,3.28531746031746,20.900396825396825,13.895238095238096
MTA_69,25 Av,D,2.826843413421707,12.350455675227838,13.895608947804474
MTA_70,Bay 50 St,D,2.4948979591836733,7.843228200371057,13.948051948051948
MTA_71,8 Av,N,3.4026023727516264,30.9628779181018,13.89207807118255
MTA_72,Fort Hamilton Pkwy,N,3.0935980551053484,17.961507293354945,13.93192868719611
MTA_74,18 Av,N,2.988018827556697,15.312366281557553,14.005990586221651
MTA_75,20 Av,N,2.704147465437788,11.18110599078341,13.983410138248848
MTA_76,Bay Pkwy,N,3.1573355128729057,19.80016346546792,13.91908459337965
MTA_77,Kings Hwy,N,3.0166802278275022,16.08340113913751,13.92026037428804
MTA_78,Avenue U,N,2.814390467461045,12.410174152153987,13.950504124656279
MTA_79,86 St,N,2.54484412470024,8.298800959232613,13.979856115107914
MTA_8,5 Av/59 St,"N,R,W",3.357802013422819,51.4626677852349,13.85234899328859
MTA_80,121 St,"J,Z",2.3323927765237022,6.6563205417607225,13.805869074492099
MTA_81,111 St,J,2.2661396574440054,6.10737812911726,13.91304347826087
MTA_82,104 St,"J,Z",2.443679599499374,7.760325406758448,13.83729662077597
MTA_83,Woodhaven Blvd,"J,Z",2.383081570996979,7.3885196374622355,13.94320241691843
MTA_84,85 St-Forest Pkwy,J,2.7418032786885247,10.859484777517565,13.831381733021077
MTA_85,75 St-Elderts Ln,"J,Z",2.212058212058212,5.644490644490644,13.94040194040194
MTA_86,Cypress Hills,J,2.018058690744921,4.245297215951844,13.944319036869826
MTA_87,Crescent St,"J,Z",2.711879049676026,10.668250539956803,13.86609071274298
MTA_88,Norwood Av,"J,Z",2.2866861030126335,6.1015549076773565,13.947521865889213
MTA_89,Cleveland St,J,2.3253424657534247,6.336105675146771,13.898238747553815
MTA_9,57 St-7 Av,"N,Q,R,W",3.8901776005799205,100.37404856832185,13.757158390721276
MTA_90,Van Siclen Av,"J,Z",2.3687286897223574,7.013638577691184,13.967851924013639
MTA_91,Alabama Av,J,2.1843971631205674,4.938534278959811,13.936643026004727
MTA_93,Chauncey St,"J,Z",2.507662835249042,9.295977011494253,13.908045977011493
MTA_94,Halsey St,J,2.891028446389497,17.955798687089715,13.859080962800876
MTA_95,Gates Av,"J,Z",2.9973776223776225,20.913024475524477,13.86013986013986
MTA_96,Kosciuszko St,J,2.8679413072476656,19.26856380613606,13.867496665184527
MTA_97,Myrtle Av,"M,J,Z",3.3848337388483376,34.139091646390916,13.793998377939984
MTA_98,Flushing Av,"M,J",3.100253807106599,18.171319796954315,13.851099830795262
MTA_99,Lorimer St,"M,J",2.6930379746835444,11.24005424954792,13.905967450271248
